Time,X,Y,Z,RX,RY,RZ
0,16.98526242,0,10.25623606,0,0,0
0.05,16.98546258,0.000206361,10.25603302,0.000474637,-0.000223278,-0.000198181
0.1,16.98612209,0.000872572,10.25548943,0.001929755,-0.000878122,-0.000841148
0.15,16.98721504,0.001975996,10.25458656,0.004356205,-0.001990002,-0.001894273
0.2,16.98870975,0.003506355,10.25329993,0.007727962,-0.003598334,-0.003343104
0.25,16.99057597,0.005452004,10.25162523,0.012009341,-0.005664685,-0.005171573
0.3,16.99278347,0.007795519,10.249543,0.017160749,-0.00821728,-0.007352547
0.35,16.99531352,0.010530658,10.24703455,0.023125858,-0.011250789,-0.009870715
0.4,16.99815462,0.013659839,10.24409193,0.029831691,-0.014693163,-0.012721714
0.45,17.00129235,0.017181229,10.24069141,0.037202209,-0.018541738,-0.01589569
0.5,17.00471808,0.02109264,10.23681568,0.045160658,-0.022770297,-0.019381516
0.55,17.0084246,0.025392822,10.23245901,0.05363077,-0.027302364,-0.023169899
0.6,17.01239897,0.030072346,10.22760049,0.062545997,-0.032132616,-0.027242606
0.65,17.01663397,0.035114568,10.22222502,0.071850327,-0.037213777,-0.031572811
0.7,17.02113537,0.040502537,10.21632467,0.081491565,-0.04242057,-0.036136468
0.75,17.0258974,0.046220537,10.20987569,0.091418257,-0.047715644,-0.040915491
0.8,17.03086536,0.052253018,10.2028824,0.101580724,-0.053139999,-0.045890787
0.85,17.03596435,0.058581754,10.19536063,0.111933826,-0.058780067,-0.051036107
0.9,17.04114686,0.065187259,10.1873039,0.122434728,-0.064696516,-0.05632486
0.95,17.04638841,0.072055415,10.17871438,0.133037285,-0.070857909,-0.061742635
1,17.05167028,0.079175435,10.16958919,0.143695839,-0.077223511,-0.067281565
1.05,17.05698671,0.086528456,10.15991752,0.154376674,-0.083765639,-0.072921434
1.1,17.06233914,0.094087486,10.14969721,0.165059362,-0.090393845,-0.078632415
1.15,17.06772757,0.101828212,10.13892468,0.175729134,-0.09703626,-0.084392512
1.2,17.0731448,0.109725886,10.12758982,0.186378216,-0.103666778,-0.090180725
1.25,17.07857643,0.117745374,10.11569913,0.197012604,-0.110214447,-0.095961678
1.3,17.08400374,0.125849225,10.10325189,0.207646057,-0.116657499,-0.101697532
1.35,17.08941089,0.134006885,10.09024881,0.218290387,-0.122973671,-0.107360531
1.4,17.0947806,0.142187246,10.07670069,0.228957447,-0.129091773,-0.112922918
1.45,17.10008839,0.150357224,10.0626061,0.239660375,-0.13501433,-0.118356717
1.5,17.10529682,0.158492472,10.047978,0.250405433,-0.140765025,-0.123646233
1.55,17.11035693,0.166571967,10.03284014,0.261195379,-0.146379217,-0.128777192
1.6,17.11523417,0.174565794,10.01720189,0.272040309,-0.151919838,-0.13372112
1.65,17.11991125,0.182443893,10.00107548,0.282952407,-0.157366944,-0.138449927
1.7,17.12438528,0.190183686,9.984472436,0.293937703,-0.162665457,-0.142946939
1.75,17.12866348,0.197759298,9.967391315,0.305003489,-0.167783795,-0.147190954
1.8,17.13275161,0.205138644,9.949842197,0.316162011,-0.172638774,-0.151149857
1.85,17.13665397,0.212293082,9.931838044,0.327421651,-0.177163333,-0.154795606
1.9,17.14035618,0.219200811,9.913381734,0.338779979,-0.181358596,-0.158111061
1.95,17.14383662,0.225843986,9.894496308,0.35022506,-0.185193665,-0.161083008
2,17.14706651,0.232207467,9.875200489,0.361737356,-0.188685056,-0.163697442
2.05,17.15001705,0.238279688,9.855509392,0.373289476,-0.191871518,-0.165941944
2.1,17.15266374,0.244053427,9.835451101,0.384845461,-0.194739682,-0.167809223
2.15,17.15498068,0.249524206,9.815046491,0.396364145,-0.197320618,-0.16929554
2.2,17.15694194,0.254686085,9.794312844,0.407804084,-0.199664899,-0.170395004
2.25,17.15852737,0.25953182,9.773285438,0.419124021,-0.201781827,-0.171099593
2.3,17.1597168,0.264054796,9.75198444,0.43028273,-0.203711211,-0.171401452
2.35,17.16050879,0.268246214,9.730428557,0.441240698,-0.205454686,-0.17128832
2.4,17.16091054,0.272096333,9.708642281,0.451957102,-0.206946813,-0.170746628
2.45,17.16093359,0.27560252,9.686639284,0.462382617,-0.208150777,-0.169772962
2.5,17.16058655,0.278768308,9.664434695,0.472460121,-0.209022001,-0.168370282
2.55,17.15987087,0.281595565,9.642058744,0.482132094,-0.209493705,-0.166536112
2.6,17.15877072,0.284086291,9.619528711,0.491342037,-0.20958627,-0.164268566
2.65,17.15726594,0.286248319,9.596872682,0.500031118,-0.209321118,-0.16157679
2.7,17.15532627,0.288089881,9.574127378,0.508144401,-0.208716356,-0.158471286
2.75,17.15293014,0.289609382,9.55131871,0.515641625,-0.207838229,-0.154947969
2.8,17.15006169,0.290798361,9.528477638,0.522495991,-0.206706871,-0.150994067
2.85,17.14671659,0.291651328,9.505638733,0.528684439,-0.205321611,-0.146603516
2.9,17.14288623,0.292165133,9.482822145,0.534185158,-0.203723628,-0.141774963
2.95,17.13857635,0.292334017,9.460059559,0.538981008,-0.201899398,-0.136502594
3,17.13379272,0.292152759,9.437381213,0.543057281,-0.199822076,-0.130780739
3.05,17.12854685,0.291620549,9.41480438,0.546399581,-0.197485649,-0.124609982
3.1,17.1228517,0.290735744,9.39235787,0.548997374,-0.194827682,-0.117990696
3.15,17.1167188,0.289492968,9.370065433,0.550848605,-0.191797837,-0.110919807
3.2,17.11015533,0.287887226,9.347946526,0.551957573,-0.188380781,-0.103396073
3.25,17.10316132,0.285912284,9.326036405,0.552334127,-0.18453948,-0.095417048
3.3,17.09572523,0.283556826,9.304362452,0.55199852,-0.180294515,-0.086973626
3.35,17.08782834,0.28080841,9.282954166,0.550976304,-0.175697241,-0.078056522
3.4,17.07945914,0.277658146,9.261852608,0.549292347,-0.170774003,-0.068662852
3.45,17.07060467,0.274097734,9.241087999,0.546972512,-0.165572916,-0.05879003
3.5,17.06126923,0.270115609,9.220689867,0.544046217,-0.160120824,-0.048428288
3.55,17.05145716,0.26570007,9.200692056,0.540543686,-0.154404126,-0.037566651
3.6,17.0411843,0.260844323,9.181118319,0.536489848,-0.148418195,-0.026202612
3.65,17.03046504,0.255545105,9.161993855,0.531904274,-0.142139534,-0.014339013
3.7,17.0193109,0.249798365,9.143348908,0.526804851,-0.135527183,-0.001975831
3.75,17.00773341,0.243599358,9.125205079,0.521209277,-0.128562288,0.010889051
3.8,16.99573976,0.236945945,9.107588278,0.515131296,-0.121214405,0.024253687
3.85,16.98333716,0.229837856,9.090527322,0.508581843,-0.113460349,0.038113454
3.9,16.97052416,0.22227363,9.074045955,0.501571452,-0.105311924,0.052466497
3.95,16.95729932,0.214251824,9.058176579,0.49410888,-0.096777574,0.067312929
4,16.94365545,0.205772126,9.042950165,0.486200327,-0.087887618,0.082652216
4.05,16.92958822,0.196834804,9.028394063,0.477848909,-0.078700128,0.098483165
4.1,16.91509476,0.18744185,9.014542112,0.469051885,-0.069243558,0.114801866
4.15,16.90017937,0.177599722,9.001422389,0.459798005,-0.059541914,0.131598069
4.2,16.88485647,0.1673195,8.989057227,0.450067294,-0.049604935,0.148857305
4.25,16.86914334,0.156613087,8.977472534,0.439835634,-0.039396869,0.166567352
4.3,16.85306158,0.145492026,8.966687036,0.429076663,-0.028889292,0.184717209
4.35,16.83662701,0.133971436,8.956720164,0.417760402,-0.018053283,0.203289893
4.4,16.8198526,0.122067989,8.94759425,0.40585563,-0.00684267,0.222266289
4.45,16.80274412,0.109792441,8.939328728,0.393338476,0.004744114,0.241635909
4.5,16.78530301,0.097151182,8.931943755,0.380191893,0.016704898,0.261393175
4.55,16.76753069,0.084153969,8.925464539,0.366398963,0.029041268,0.281526061
4.6,16.74942862,0.070811987,8.919909789,0.351942672,0.04171227,0.302019295
4.65,16.73099823,0.057133807,8.915302553,0.336808684,0.054689564,0.322861848
4.7,16.71224528,0.043130166,8.911666584,0.320981886,0.067953597,0.344041566
4.75,16.6931741,0.028816078,8.909018451,0.304444705,0.081456556,0.365540563
4.8,16.67379908,0.014206473,8.90737759,0.287180405,0.095192896,0.387340173
4.85,16.65413607,-0.00068444,8.906760554,0.269176367,0.109175451,0.409421449
4.9,16.63420521,-0.01584263,8.90717815,0.250425673,0.12341084,0.431764294
4.95,16.61402811,-0.031258492,8.908641171,0.230931299,0.137942869,0.454353313
5,16.59362063,-0.046929124,8.911160431,0.210709199,0.152806907,0.477181403
5.05,16.57299714,-0.062854025,8.914742397,0.189784131,0.168008515,0.50024289
5.1,16.5521663,-0.079031065,8.919400752,0.168183003,0.183566359,0.523528551
5.15,16.53112665,-0.095456621,8.925147022,0.145933688,0.199462569,0.547027419
5.2,16.50987821,-0.112126423,8.931989121,0.123065877,0.215648515,0.57072952
5.25,16.48842241,-0.129035274,8.939941445,0.099610207,0.232095781,0.594623887
5.3,16.46676357,-0.146175828,8.949014797,0.075597482,0.248762811,0.618694501
5.35,16.44491033,-0.163539794,8.959215664,0.051060853,0.265603349,0.642923105
5.4,16.42287566,-0.181123076,8.970552682,0.02604039,0.282606455,0.667298041
5.45,16.40067394,-0.198926722,8.983030161,0.000584442,0.299755489,0.691815072
5.5,16.37832391,-0.216951237,8.996648117,-0.025256174,0.317044001,0.716468528
5.55,16.3558414,-0.235194292,9.011409419,-0.051432409,0.334497543,0.741248375
5.6,16.33324225,-0.253654492,9.02731119,-0.077895052,0.352124342,0.766147008
5.65,16.31054374,-0.272330713,9.044348387,-0.104595478,0.369931128,0.791157635
5.7,16.28775596,-0.291218185,9.062520301,-0.131489253,0.387933109,0.816269598
5.75,16.26488609,-0.310310247,9.081822605,-0.158534917,0.40610785,0.841470122
5.8,16.2419399,-0.329600915,9.102250974,-0.185692963,0.424422098,0.866747303
5.85,16.21892028,-0.349081076,9.123805407,-0.212928523,0.442840145,0.892085933
5.9,16.19582865,-0.368738558,9.146479442,-0.240211151,0.461297704,0.917468003
5.95,16.17267223,-0.388563191,9.170268021,-0.267511075,0.479747319,0.942879988
6,16.14946541,-0.40854611,9.195166825,-0.294799189,0.498157637,0.968311043
6.05,16.1262197,-0.428674827,9.221162907,-0.322051092,0.51649532,0.993745464
6.1,16.10295384,-0.448935393,9.248245455,-0.349246533,0.534756407,1.019166361
6.15,16.07968222,-0.469316649,9.276401507,-0.376365128,0.552941524,1.044563139
6.2,16.05642211,-0.489806983,9.305613079,-0.403388278,0.571046492,1.069924517
6.25,16.03318505,-0.510390241,9.335865034,-0.430304418,0.589083593,1.095233856
6.3,16.00998686,-0.531048333,9.367139382,-0.457107444,0.607049208,1.120470652
6.35,15.98683332,-0.55176155,9.399415965,-0.483795266,0.62492614,1.145613091
6.4,15.96373738,-0.572508157,9.432677493,-0.510369224,0.642695939,1.170638862
6.45,15.94070479,-0.593266374,9.466905252,-0.536831251,0.660318281,1.195526029
6.5,15.91774709,-0.614014555,9.502078366,-0.563182376,0.677748858,1.220252277
6.55,15.89487434,-0.634731823,9.538179554,-0.589421132,0.69494909,1.244796295
6.6,15.87209663,-0.65540094,9.575185043,-0.615540541,0.711870366,1.269141378
6.65,15.84942836,-0.676007598,9.613071813,-0.641529072,0.728482895,1.293273319
6.7,15.82688681,-0.696537217,9.651815373,-0.667373389,0.744776894,1.317177283
6.75,15.80448782,-0.716974407,9.691388363,-0.693060154,0.760742702,1.340835821
6.8,15.78224723,-0.737302247,9.731761989,-0.718578523,0.776385991,1.364228989
6.85,15.76017943,-0.757500804,9.772906724,-0.743918961,0.791713179,1.387333478
6.9,15.73829451,-0.777551357,9.814789455,-0.76906944,0.806716538,1.41012835
6.95,15.71660544,-0.797438022,9.857381379,-0.794012197,0.821395197,1.432596276
7,15.69512372,-0.817145948,9.900652254,-0.81872486,0.835732577,1.454718811
7.05,15.67385511,-0.836661186,9.944567524,-0.843179506,0.849691784,1.476476883
7.1,15.65281547,-0.855973926,9.989096228,-0.867341798,0.863246829,1.497856158
7.15,15.63201775,-0.875077059,10.03420669,-0.891171287,0.876366861,1.518845543
7.2,15.61147634,-0.893963022,10.07986362,-0.914625407,0.889014986,1.539432323
7.25,15.59120853,-0.912624079,10.12603464,-0.937661217,0.901177682,1.559603162
7.3,15.57122871,-0.931053387,10.17268444,-0.960235217,0.912838056,1.579346469
7.35,15.55155273,-0.949243388,10.21977416,-0.982303655,0.923985578,1.598650401
7.4,15.53219499,-0.967185801,10.26726852,-1.003823654,0.93463589,1.617501746
7.45,15.51316989,-0.984873426,10.31512936,-1.024751153,0.944793791,1.63588804
7.5,15.49448895,-1.002299244,10.36331419,-1.045042026,0.954462834,1.653795821
7.55,15.47616368,-1.019455603,10.41178629,-1.064652647,0.963656853,1.671210005
7.6,15.45820272,-1.036337376,10.46050536,-1.083537522,0.972362449,1.688120126
7.65,15.44061761,-1.052941592,10.50942962,-1.101650219,0.980564355,1.704519201
7.7,15.42341841,-1.069263839,10.55852309,-1.118946241,0.988253158,1.7204
7.75,15.40661808,-1.08529845,10.60774255,-1.135386075,0.995398384,1.735754548
7.8,15.39022816,-1.101038764,10.65704841,-1.150934695,1.001978032,1.75057387
7.85,15.37426302,-1.11647677,10.70640107,-1.165561813,1.00798425,1.764848491
7.9,15.35873565,-1.131604369,10.75575877,-1.179241129,1.013402453,1.77857031
7.95,15.34366043,-1.146413011,10.80507975,-1.191950455,1.018234077,1.79172998
8,15.32904313,-1.160892976,10.85432225,-1.203672965,1.022487284,1.804316656
8.05,15.31489526,-1.175032834,10.90344235,-1.214395946,1.026161887,1.816318995
8.1,15.30122259,-1.188822236,10.95239902,-1.224108801,1.029271849,1.827729144
8.15,15.28803375,-1.202250831,11.00114905,-1.232803678,1.031829132,1.838540123
8.2,15.27533739,-1.215307009,11.04964923,-1.240475841,1.033829564,1.848743333
8.25,15.26313926,-1.227979161,11.09785782,-1.247123297,1.035270712,1.858329923
8.3,15.25144801,-1.240257387,11.14573162,-1.25274567,1.036143416,1.867294034
8.35,15.24027084,-1.252131966,11.19322957,-1.257343832,1.036428853,1.875631179
8.4,15.22961781,-1.26359228,11.24030921,-1.260923269,1.036115371,1.883336374
8.45,15.21949327,-1.274626986,11.28693022,-1.263492831,1.035188882,1.890404756
8.5,15.20990584,-1.285223218,11.33305011,-1.265066726,1.033635927,1.896830218
8.55,15.20085552,-1.295366483,11.37862856,-1.265662655,1.031457378,1.902605281
8.6,15.19234664,-1.305042924,11.42362599,-1.265299688,1.028655104,1.907723213
8.65,15.18437776,-1.314240117,11.46800061,-1.263995151,1.02523328,1.912179156
8.7,15.17694887,-1.322947537,11.51171212,-1.261763877,1.021203562,1.915968995
8.75,15.17005709,-1.33115708,11.55472093,-1.258615837,1.016567445,1.919090734
8.8,15.16370099,-1.338863708,11.59698741,-1.254556266,1.011328731,1.921545498
8.85,15.15788488,-1.346065801,11.63847198,-1.249585289,1.005492592,1.923338893
8.9,15.15260733,-1.352763539,11.67913577,-1.243700539,0.999051861,1.924479397
8.95,15.14787409,-1.358956201,11.71893916,-1.236902263,0.992000618,1.92497187
9,15.14368661,-1.364639738,11.75784615,-1.229195573,0.984333565,1.924818058
9.05,15.14004489,-1.36980866,11.79581788,-1.220589318,0.976041479,1.924018085
9.1,15.1369518,-1.374457476,11.83281906,-1.211093969,0.96712386,1.922572948
9.15,15.13440014,-1.378581598,11.8688144,-1.200718001,0.95757884,1.920484019
9.2,15.13238128,-1.382178955,11.90376792,-1.18946665,0.947405545,1.917754787
9.25,15.13088946,-1.385252336,11.93764864,-1.177337298,0.936616315,1.914393354
9.3,15.12991171,-1.387809753,11.97042345,-1.164320222,0.925218943,1.910413806
9.35,15.12943795,-1.389861193,12.00205924,-1.150401587,0.913219595,1.905832096
9.4,15.12945811,-1.391416649,12.03252719,-1.135567807,0.900631362,1.900663308
9.45,15.12996354,-1.392485748,12.0617942,-1.119806667,0.887455426,1.894922024
9.5,15.1309485,-1.393076413,12.08983218,-1.103110937,0.873693284,1.888621208
9.55,15.13241008,-1.393194672,12.11661017,-1.085477501,0.859351852,1.881771453
9.6,15.13434254,-1.392846375,12.14210225,-1.066906856,0.844430883,1.874384852
9.65,15.13674588,-1.392037643,12.16627963,-1.047401747,0.828935174,1.866473619
9.7,15.13961289,-1.390773515,12.18911638,-1.026968093,0.812874511,1.858047352
9.75,15.1429335,-1.38905975,12.21058658,-1.005612439,0.796252633,1.849116521
9.8,15.14669763,-1.386906071,12.23066863,-0.983338397,0.779082129,1.839695959
9.85,15.15088655,-1.384325615,12.24934238,-0.960147777,0.76137914,1.829805235
9.9,15.15548443,-1.381332242,12.26658333,-0.936042262,0.743149028,1.819463544
9.95,15.16047254,-1.377938824,12.28237423,-0.911027647,0.724403693,1.808688837
10,15.16583073,-1.37415742,12.29669921,-0.885115086,0.705157783,1.79749906
10.05,15.17154604,-1.369997298,12.30953958,-0.858321846,0.685412545,1.785910169
10.1,15.17760118,-1.365465031,12.32087803,-0.830672791,0.665173649,1.773934629
10.15,15.18398464,-1.360565386,12.33070018,-0.802198771,0.644446144,1.761582412
10.2,15.19068633,-1.355303135,12.33899162,-0.772933567,0.623229219,1.748863986
10.25,15.19769475,-1.349684307,12.34573796,-0.742911765,0.601532972,1.735791443
10.3,15.2049998,-1.343716913,12.35093055,-0.712167457,0.579367185,1.722379741
10.35,15.21258854,-1.337410852,12.35455643,-0.6807333,0.556738778,1.708646329
10.4,15.22044366,-1.330777103,12.35660698,-0.648642077,0.533667195,1.694610029
10.45,15.22854646,-1.323827189,12.35707785,-0.615927689,0.51016948,1.680289413
10.5,15.23687535,-1.316572356,12.35596042,-0.58262616,0.486257632,1.665702556
10.55,15.24540727,-1.309024127,12.3532518,-0.548774509,0.461950347,1.650866781
10.6,15.25412063,-1.301192849,12.34895056,-0.514412404,0.43725794,1.635797298
10.65,15.26299527,-1.293086175,12.34305382,-0.479583441,0.412187451,1.620505073
10.7,15.27201102,-1.284710043,12.33556301,-0.444334143,0.38675328,1.60499933
10.75,15.28115638,-1.276072103,12.32647814,-0.408709195,0.360964586,1.589291289
10.8,15.29041837,-1.267182796,12.31580208,-0.372749171,0.334832091,1.573396404
10.85,15.29978404,-1.258054631,12.30353627,-0.336490682,0.308372992,1.557331503
10.9,15.30924187,-1.248702458,12.28968504,-0.299966481,0.281604119,1.541115033
10.95,15.31877747,-1.239143738,12.27425559,-0.263205736,0.254549264,1.524768186
11,15.32837785,-1.229397278,12.25725655,-0.226235725,0.22723697,1.508313519
11.05,15.33802144,-1.21948072,12.23869656,-0.189084014,0.199694034,1.491771351
11.1,15.34769095,-1.209411164,12.2185857,-0.151780095,0.171951994,1.475161127
11.15,15.35736623,-1.199204899,12.19693982,-0.114355332,0.14404363,1.458501419
11.2,15.36702565,-1.188876866,12.17377332,-0.076842734,0.11599596,1.441809054
11.25,15.3766534,-1.178441193,12.14910203,-0.039275051,0.087836351,1.425098367
11.3,15.3862322,-1.167912821,12.12294468,-0.001682984,0.059590436,1.408385311
11.35,15.39575339,-1.15730894,12.09531997,0.035906486,0.031283281,1.391688459
11.4,15.4052069,-1.146648809,12.06624808,0.073471034,0.002944691,1.37502738
11.45,15.41458409,-1.135954029,12.0357506,0.110993152,-0.025394433,1.358424261
11.5,15.42387921,-1.125249438,12.00384986,0.148459827,-0.053699663,1.341905402
11.55,15.43308216,-1.114561228,11.97056962,0.185859161,-0.081930994,1.325498973
11.6,15.44218143,-1.103912707,11.93593506,0.223175436,-0.110049394,1.309229903
11.65,15.45116407,-1.093323585,11.89997427,0.260387071,-0.13801317,1.293117512
11.7,15.46001135,-1.082811233,11.86271534,0.297468435,-0.165779313,1.277179749
11.75,15.46870743,-1.072392751,11.82418922,0.334392093,-0.193312946,1.261434314
11.8,15.47723215,-1.062084516,11.78442687,0.371129406,-0.220582659,1.245898658
11.85,15.48556823,-1.051903181,11.74346285,0.40765239,-0.247558677,1.230590602
11.9,15.49370415,-1.041867015,11.70132956,0.443935154,-0.274218391,1.215530591
11.95,15.5016284,-1.031995277,11.65806373,0.47995264,-0.300537138,1.200741684
12,15.50933233,-1.022306867,11.61369918,0.515680638,-0.326492202,1.186245693
12.05,15.51680874,-1.012820146,11.56827336,0.551094841,-0.352064201,1.172064057
12.1,15.52405043,-1.003553472,11.52182156,0.586168951,-0.377223934,1.158218214
12.15,15.53105309,-0.994523496,11.47438336,0.620873238,-0.401942486,1.14472811
12.2,15.53780375,-0.985744078,11.42599404,0.655173674,-0.426194678,1.131610072
12.25,15.54429088,-0.977227367,11.37669539,0.689032616,-0.44994913,1.118879431
12.3,15.55050011,-0.968984704,11.32652697,0.722410678,-0.47317892,1.10655127
12.35,15.55641413,-0.961025808,11.27553129,0.755266663,-0.495863667,1.094638676
12.4,15.56201568,-0.95335914,11.22375153,0.787559064,-0.517983584,1.083151994
12.45,15.56728891,-0.945994238,11.17123162,0.819248869,-0.539530319,1.072104688
12.5,15.57221798,-0.938942983,11.11801475,0.8503008,-0.560502191,1.061513457
12.55,15.57679138,-0.932217077,11.0641463,0.880681955,-0.580895211,1.051394633
12.6,15.58099902,-0.925826596,11.0096716,0.910359299,-0.600711934,1.041762298
12.65,15.58483515,-0.919781622,10.9546346,0.93929999,-0.619954477,1.032631349
12.7,15.58829112,-0.914091425,10.89908063,0.967471932,-0.638617858,1.024016618
12.75,15.59135973,-0.908764105,10.84305363,0.994841408,-0.65669821,1.0159287
12.8,15.59403522,-0.903805331,10.78659968,1.021373952,-0.674188553,1.008375075
12.85,15.59630464,-0.899220684,10.72976341,1.047035414,-0.691076861,1.001362846
12.9,15.59815646,-0.895014663,10.67259162,1.071792575,-0.7073569,0.994897498
12.95,15.59957917,-0.891190869,10.61512968,1.095614648,-0.723025491,0.988983954
13,15.60055548,-0.887754971,10.55742437,1.118475829,-0.738081201,0.98362932
13.05,15.60107676,-0.884715159,10.49952396,1.140357675,-0.752532258,0.978843566
13.1,15.60112859,-0.882080434,10.44147521,1.161246969,-0.766390378,0.974636664
13.15,15.60070668,-0.879859614,10.3833264,1.181131997,-0.779666777,0.971017403
13.2,15.59980381,-0.878061521,10.32512502,1.20000528,-0.792378597,0.967993946
13.25,15.5984171,-0.876694253,10.26691644,1.217860086,-0.804538986,0.965573274
13.3,15.59654512,-0.875762312,10.20874891,1.234686943,-0.816156358,0.963758002
13.35,15.59418642,-0.875267407,10.15066704,1.250473885,-0.827238566,0.962547323
13.4,15.59133669,-0.875211248,10.09271695,1.265210318,-0.837787167,0.961940675
13.45,15.5879916,-0.875596803,10.03494468,1.278888761,-0.847800791,0.961939615
13.5,15.58414395,-0.876427046,9.977394901,1.291504978,-0.857278129,0.962544083
13.55,15.57979087,-0.877704314,9.92011511,1.303057222,-0.866216876,0.963752767
13.6,15.57492372,-0.879432838,9.863149967,1.313547988,-0.874619335,0.965566979
13.65,15.56953961,-0.881618827,9.806546249,1.322985751,-0.882491928,0.967989895
13.7,15.5636371,-0.884267503,9.750349331,1.331380982,-0.889842755,0.971023199
13.75,15.5572162,-0.887383184,9.694603853,1.338743402,-0.896682974,0.974667639
13.8,15.55028411,-0.890969381,9.63935445,1.345082235,-0.903023802,0.978923837
13.85,15.54284658,-0.895026992,9.584645762,1.350404212,-0.908874151,0.983788554
13.9,15.53490937,-0.899552691,9.530520263,1.354711578,-0.914239879,0.989252565
13.95,15.52648545,-0.904541974,9.47701972,1.358005203,-0.919119615,0.995305523
14,15.51758057,-0.909991153,9.424186613,1.360286959,-0.923507875,1.001937647
14.05,15.50820194,-0.915896358,9.372060541,1.361560584,-0.927397741,1.009139586
14.1,15.49835243,-0.922253719,9.320682536,1.361831189,-0.930779242,1.016901432
14.15,15.48803492,-0.929061256,9.270093646,1.36110725,-0.933644337,1.025216765
14.2,15.47725519,-0.936318068,9.220333469,1.359398862,-0.935988353,1.03408116
14.25,15.46601753,-0.944020827,9.171442328,1.356714751,-0.937809545,1.043487513
14.3,15.45432628,-0.952162511,9.123458371,1.353060153,-0.93911109,1.053424356
14.35,15.44219151,-0.960735111,9.076420494,1.348439181,-0.939898536,1.063879972
14.4,15.42962907,-0.969730707,9.030367564,1.342856321,-0.940175436,1.074843268
14.45,15.41665335,-0.979139939,8.985334141,1.336315561,-0.939945776,1.086301405
14.5,15.40328163,-0.988952368,8.941356232,1.328820145,-0.939209933,1.098239552
14.55,15.3895312,-0.999157732,8.898467672,1.320375181,-0.937961113,1.110643747
14.6,15.37541934,-1.009746674,8.856702301,1.310986403,-0.936191089,1.123500778
14.65,15.36096187,-1.020708212,8.816091079,1.300660917,-0.933887395,1.136794816
14.7,15.34617177,-1.032031817,8.776666402,1.289406201,-0.931034266,1.150510029
14.75,15.33105911,-1.043708218,8.738458522,1.277233846,-0.927623286,1.164633206
14.8,15.31563398,-1.055728506,8.701498384,1.264156068,-0.923649846,1.17915101
14.85,15.29990644,-1.0680817,8.665814799,1.250185955,-0.919112697,1.194047362
14.9,15.28388659,-1.080756552,8.631437277,1.235336594,-0.91402013,1.209306805
14.95,15.26758882,-1.093741452,8.598393904,1.219623068,-0.908382488,1.224914258
15,15.25102753,-1.107023528,8.566711323,1.203059836,-0.902211053,1.240852021
15.05,15.23422145,-1.120588112,8.536415444,1.185662477,-0.895520221,1.257099902
15.1,15.21719073,-1.134422333,8.507530033,1.167448693,-0.888318656,1.2736397
15.15,15.19995409,-1.148514311,8.480078124,1.148440046,-0.880609598,1.290455714
15.2,15.18253314,-1.162851538,8.454079891,1.128659345,-0.872395788,1.307530864
15.25,15.16494369,-1.177421862,8.4295562,1.108132146,-0.863674049,1.324848824
15.3,15.14720451,-1.192214754,8.406525775,1.086886241,-0.854440269,1.342395382
15.35,15.12932707,-1.207220585,8.385005896,1.064953042,-0.844695754,1.360157952
15.4,15.11132436,-1.222429273,8.365015281,1.042363587,-0.834442936,1.378121947
15.45,15.09320932,-1.2378293,8.346569049,1.019148474,-0.823691037,1.396270916
15.5,15.07499349,-1.253407704,8.329682325,0.995336374,-0.812457946,1.414587783
15.55,15.05669126,-1.269149818,8.314369511,0.970954706,-0.800764542,1.433052976
15.6,15.03831848,-1.2850389,8.300643557,0.946029025,-0.788634254,1.451645683
15.65,15.01989385,-1.30105902,8.28851599,0.920586377,-0.776091516,1.470346581
15.7,15.00143466,-1.31719722,8.27799689,0.8946583,-0.763157268,1.489140838
15.75,14.98296107,-1.333442069,8.269092733,0.868279317,-0.749849395,1.508014994
15.8,14.96449324,-1.349782316,8.261809997,0.841484768,-0.736181297,1.526954588
15.85,14.94604702,-1.366206983,8.256154451,0.814310486,-0.722160889,1.545946158
15.9,14.92763679,-1.38270536,8.252127529,0.786790876,-0.707796336,1.564976743
15.95,14.90927552,-1.399263496,8.249732115,0.758956099,-0.693099167,1.584031136
16,14.89097185,-1.415865551,8.248968918,0.730831959,-0.678082969,1.603091511
16.05,14.87273874,-1.432495056,8.249837954,0.702442013,-0.662767373,1.622141166
16.1,14.85458627,-1.449135361,8.252337048,0.673808697,-0.647177807,1.641163773
16.15,14.83652596,-1.465768556,8.256464048,0.644953076,-0.631344247,1.66014151
16.2,14.81857221,-1.482377181,8.262214637,0.615896777,-0.615299289,1.679056797
16.25,14.80074229,-1.498945217,8.269582329,0.58666398,-0.599075466,1.697893434
16.3,14.78305206,-1.515458083,8.278559922,0.557280798,-0.582703003,1.716636712
16.35,14.76552022,-1.53190237,8.289138068,0.527774779,-0.566208388,1.735273418
16.4,14.74816118,-1.548265117,8.301305233,0.498174153,-0.54961281,1.753791088
16.45,14.73098934,-1.564533186,8.315049186,0.468505845,-0.532933782,1.772177756
16.5,14.71401766,-1.580691636,8.33035408,0.438793881,-0.516187602,1.790418837
16.55,14.69725477,-1.596723006,8.347205525,0.409058856,-0.49939041,1.808495637
16.6,14.68070645,-1.612609838,8.365585515,0.379320685,-0.482562276,1.826390205
16.65,14.66438276,-1.628336292,8.38547677,0.349601459,-0.465727503,1.844086214
16.7,14.64828803,-1.643887967,8.406859848,0.319925206,-0.448915322,1.861568455
16.75,14.6324309,-1.659250464,8.429713875,0.290317788,-0.432160137,1.878821723
16.8,14.61682288,-1.674410822,8.454016526,0.260807188,-0.415496284,1.89583318
16.85,14.60147839,-1.689357704,8.479744768,0.231423305,-0.398957482,1.912592231
16.9,14.58640893,-1.704079047,8.506871957,0.202195556,-0.382576356,1.929087656
16.95,14.57163035,-1.718561711,8.535372169,0.173152141,-0.366378397,1.945304375
17,14.55715848,-1.732793279,8.565215173,0.144321542,-0.350383453,1.961228677
17.05,14.54300341,-1.746762948,8.596372161,0.115733193,-0.334608041,1.976847222
17.1,14.52917522,-1.760459381,8.628810745,0.087415875,-0.319064126,1.99214568
17.15,14.51568254,-1.773870696,8.66249923,0.059397699,-0.3037633,2.007108218
17.2,14.50253258,-1.786986274,8.697403062,0.031707362,-0.288719835,2.021720628
17.25,14.48972967,-1.799795675,8.733489128,0.004373972,-0.273948814,2.035969074
17.3,14.47727954,-1.812288999,8.770722142,-0.022573154,-0.259469791,2.049840094
17.35,14.46518941,-1.824457425,8.809066105,-0.049103354,-0.245307288,2.063320476
17.4,14.45346649,-1.836294295,8.848483572,-0.075184572,-0.231485269,2.076400497
17.45,14.44212227,-1.847792228,8.888938561,-0.100785355,-0.218027852,2.089068193
17.5,14.43116829,-1.858943124,8.930390009,-0.125876183,-0.20495679,2.101311471
17.55,14.42061751,-1.869739783,8.972799775,-0.150428879,-0.192286025,2.113118366
17.6,14.41048,-1.880174646,9.016126812,-0.174416698,-0.18002444,2.124478034
17.65,14.40076874,-1.890239612,9.060328645,-0.197816005,-0.168176147,2.135377512
17.7,14.39149234,-1.899925502,9.105362785,-0.220606404,-0.156738514,2.145802589
17.75,14.38265658,-1.909222956,9.151187474,-0.242769136,-0.145708595,2.155738809
17.8,14.37426722,-1.918124232,9.197758803,-0.264285474,-0.135085191,2.165173705
17.85,14.36632714,-1.926621773,9.245033558,-0.285136223,-0.124867133,2.17409606
17.9,14.35884353,-1.934709638,9.292967838,-0.305301547,-0.115057413,2.182494407
17.95,14.35182359,-1.942383506,9.341517704,-0.324760132,-0.10566178,2.190361016
18,14.34527309,-1.949640499,9.390638521,-0.343490384,-0.096686357,2.197689658
18.05,14.33920499,-1.956476835,9.440286382,-0.361473606,-0.088139386,2.204473101
18.1,14.33362504,-1.962886575,9.490415194,-0.378695527,-0.080026556,2.210701374
18.15,14.32854765,-1.9688627,9.540981768,-0.395146174,-0.072348199,2.216363757
18.2,14.32397857,-1.974397288,9.591938568,-0.410818629,-0.065101711,2.22145003
18.25,14.31992789,-1.979482601,9.643240971,-0.425708032,-0.058280181,2.225949225
18.3,14.31639848,-1.984111978,9.694843608,-0.439808835,-0.051872481,2.229853363
18.35,14.31339467,-1.988282179,9.746700406,-0.453113561,-0.045867062,2.233157709
18.4,14.31091646,-1.991989964,9.798766723,-0.465614512,-0.040253009,2.235858521
18.45,14.30896383,-1.995231734,9.850996474,-0.477305051,-0.035021298,2.237950566
18.5,14.30753825,-1.998004429,9.903345028,-0.488178976,-0.03016679,2.239430854
18.55,14.30663969,-2.000306067,9.955768459,-0.498229993,-0.025687327,2.240298135
18.6,14.3062725,-2.00213377,10.00822213,-0.507452807,-0.021582815,2.240550915
18.65,14.30644098,-2.003485557,10.0606614,-0.515842584,-0.017854403,2.240188946
18.7,14.30715089,-2.004360349,10.11304308,-0.523394059,-0.014502152,2.239212724
18.75,14.30840799,-2.004757066,10.16532179,-0.530102777,-1.15E-02,2.237624245
18.8,14.31021518,-2.004674446,10.21745506,-0.535965217,-0.008914548,2.235422762
18.85,14.31257387,-2.004111051,10.2693997,-0.540979071,-0.006667688,2.232608521
18.9,14.31548265,-2.003067241,10.32111178,-0.545141349,-0.004773933,2.229182771
18.95,14.31893574,-2.001544456,10.37254954,-0.54844825,-0.003223933,2.225148753
19,14.3229245,-1.999544674,10.42367194,-0.550895596,-0.002010579,2.220511203
19.05,14.32744318,-1.997071497,10.47443651,-0.552477843,-0.001129341,2.215276352
19.1,14.33248313,-1.994130325,10.52480436,-0.553188508,-0.00057796,2.209453924
19.15,14.33803572,-1.990725656,10.57473374,-0.553022106,-0.000358054,2.203052394
19.2,14.34409519,-1.986861452,10.62418719,-0.551975336,-0.000474946,2.196079242
19.25,14.3506572,-1.982541492,10.67312442,-0.550046825,-0.000934624,2.188541944
19.3,14.35772034,-1.977770277,10.72150796,-0.547236573,-0.001742065,2.180449976
19.35,14.36528027,-1.972552306,10.76929968,-0.543546826,-0.002899462,2.171812311
19.4,14.37333411,-1.966889738,10.81646141,-0.538983252,-0.004405531,2.16263543
19.45,14.38187467,-1.960785635,10.86295785,-0.533552335,-0.006257269,2.152927062
19.5,14.39089331,-1.954245396,10.90875159,-0.527259308,-0.008448786,2.142698176
19.55,14.4003785,-1.947275861,10.95380948,-0.520108193,-0.010972235,2.131960986
19.6,14.41031585,-1.93988495,10.99809699,-0.512102448,-0.013822403,2.12072696
19.65,14.42069095,-1.932082563,11.0415817,-0.503245033,-0.016996485,2.109010059
19.7,14.43148653,-1.923878959,11.08423051,-0.493540404,-0.020493344,2.096825239
19.75,14.44269107,-1.915282059,11.12601316,-0.482997817,-0.024315796,2.084184343
19.8,14.45428871,-1.906297983,11.16689942,-0.471631293,-0.028469042,2.071098588
19.85,14.46626797,-1.896931949,11.20685905,-0.459458658,-0.032959001,2.057579316
19.9,14.47861873,-1.88718882,11.24586396,-0.446500446,-0.037791932,2.043636376
19.95,14.49132949,-1.877073635,11.28388465,-0.432778533,-0.042970716,2.02928086
20,14.50439161,-1.866593412,11.32089591,-0.418314139,-0.048493882,2.014525233
20.05,14.51779213,-1.855756974,11.35686965,-0.403126678,-0.05435689,1.999383455
20.1,14.53151807,-1.844574398,11.39178068,-0.38723466,-0.060550683,1.98387148
20.15,14.54555363,-1.833056665,11.42560453,-0.370656314,-0.067063748,1.968004516
20.2,14.55988149,-1.821216375,11.45831814,-0.353409995,-0.073885644,1.951800136
20.25,14.57448008,-1.809065228,11.48989921,-0.335515832,-0.081006056,1.935276167
20.3,14.58933354,-1.796614384,11.52032612,-0.316997477,-0.088416138,1.918448063
20.35,14.60442316,-1.783871763,11.54957945,-0.297883255,-0.096111127,1.901327667
20.4,14.6197331,-1.770844024,11.57763975,-0.278204297,-0.10408765,1.883925696
20.45,14.63524751,-1.757539268,11.60448902,-0.257991358,-0.112342609,1.866253994
20.5,14.65095633,-1.743966675,11.63010927,-0.237273217,-0.120872876,1.848325771
20.55,14.66684513,-1.730137584,11.65448464,-0.216075565,-0.129671778,1.830155987
20.6,14.68290243,-1.716066935,11.6775993,-0.194420233,-0.138729521,1.811763959
20.65,14.69911235,-1.701770748,11.69943958,-0.172327068,-0.148033742,1.793170131
20.7,14.71546196,-1.687264863,11.7199925,-0.149816824,-0.157567311,1.774393573
20.75,14.73193109,-1.6725635,11.73924585,-0.126912203,-0.167310408,1.755452858
20.8,14.74850102,-1.657681059,11.75718808,-0.103637191,-0.177243231,1.736365559
20.85,14.76515446,-1.642631758,11.77381056,-0.08001709,-0.187345883,1.717148754
20.9,14.78186839,-1.627428921,11.78910466,-0.056078315,-0.197600276,1.697818522
20.95,14.79862839,-1.612086403,11.80306245,-0.031847206,-0.207991045,1.678391441
21,14.81541575,-1.596618607,11.81567746,-0.007349715,-0.218504278,1.658885833
21.05,14.83221896,-1.581039572,11.82694607,0.017387846,-0.229127028,1.639318401
21.1,14.84902504,-1.565362979,11.83686182,0.042339415,-0.239846221,1.619705598
21.15,14.86582393,-1.549604125,11.84542326,0.067480928,-0.250646123,1.60006662
21.2,14.88260553,-1.533780652,11.85262679,0.092790804,-0.261507413,1.580422033
21.25,14.89935833,-1.517910381,11.85847241,0.118249063,-0.272407982,1.560793276
21.3,14.9160665,-1.502012388,11.86295941,0.14383605,-0.283323289,1.541201039
21.35,14.93271418,-1.486104677,11.86608923,0.169530948,-0.294227161,1.521665641
21.4,14.94928554,-1.470203895,11.86786545,0.195310418,-0.305093234,1.50220503
21.45,14.96576043,-1.454324713,11.86829096,0.221148066,-0.315896485,1.482834538
21.5,14.98212012,-1.43848117,11.86737225,0.247015457,-0.32661423,1.463568872
21.55,14.99835021,-1.422687128,11.86511507,0.272883877,-0.337225996,1.444423364
21.6,15.01443198,-1.406956984,11.86152734,0.298725171,-0.347713895,1.425414093
21.65,15.03035679,-1.39130568,11.85661843,0.324512992,-0.358061225,1.406557763
21.7,15.04611024,-1.375748875,11.85039769,0.350222318,-0.368251908,1.387872694
21.75,15.06168658,-1.360303489,11.84287592,0.375829372,-0.37826924,1.369378458
21.8,15.07707572,-1.344986442,11.83406465,0.401310442,-0.388093996,1.351094872
21.85,15.09226758,-1.329813392,11.82397681,0.426640285,-0.397704236,1.333038264
21.9,15.10725208,-1.314799102,11.81262541,0.451791262,-0.407076499,1.315224467
21.95,15.12201338,-1.299957071,11.80002696,0.476733802,-0.416185666,1.297667438
22,15.13653996,-1.285298997,11.78619661,0.501435557,-0.425006124,1.280379269
22.05,15.15081311,-1.270835232,11.77115163,0.525863468,-0.433514656,1.263369805
22.1,15.16481842,-1.256577385,11.75491218,0.54998631,-0.441690791,1.246650767
22.15,15.17854149,-1.242538866,11.7374977,0.573776036,-0.449518357,1.230235738
22.2,15.19196792,-1.228733984,11.7189298,0.59720691,-0.456985323,1.214139052
22.25,15.20508909,-1.21517768,11.69923006,0.620254561,-0.464081501,1.198375294
22.3,15.21789344,-1.201884264,11.67842154,0.642894747,-0.470798258,1.182959546
22.35,15.23037525,-1.188866426,11.65652725,0.665101044,-0.477126715,1.16790452
22.4,15.24252442,-1.176134964,11.63357315,0.686844968,-0.48305559,1.153221686
22.45,15.25433662,-1.16369996,11.60958441,0.708097354,-0.488572482,1.138922136
22.5,15.26579891,-1.151571133,11.58458696,0.72882891,-0.493663554,1.12501634
22.55,15.27690121,-1.139757753,11.55860817,0.749010781,-0.498313507,1.111514394
22.6,15.28763199,-1.128269,11.53167682,0.768615793,-0.502506946,1.098425149
22.65,15.29797829,-1.117114594,11.50382172,0.787618895,-0.506230597,1.085757578
22.7,15.3079286,-1.106304614,11.47507455,0.805998519,-0.509473898,1.073521654
22.75,15.31746708,-1.095850312,11.44546483,0.823736222,-0.512231798,1.061728719
22.8,15.32658795,-1.085763116,11.41502494,0.840816233,-0.514502679,1.050389992
22.85,15.33528115,-1.076054546,11.38378876,0.85722503,-0.51628682,1.039518185
22.9,15.34354235,-1.066736033,11.35178794,0.872949899,-0.517586588,1.029125639
22.95,15.3513658,-1.057817476,11.31905632,0.88797825,-0.518405196,1.0192227
23,15.35875005,-1.049306616,11.28562847,0.902295437,-0.518743577,1.009816971
23.05,15.36568935,-1.041210021,11.25153751,0.915886816,-0.518601294,1.000914185
23.1,15.37217792,-1.033534623,11.21681943,0.928738737,-0.517976915,0.992520451
23.15,15.37820859,-1.02628708,11.18151024,0.940838984,-0.516867822,0.984642312
23.2,15.3837727,-1.019474503,11.14564449,0.952177525,-0.515272363,0.977286684
23.25,15.38886161,-1.013103553,11.10926036,0.962745696,-0.513189697,0.970460675
23.3,15.39346525,-1.007180888,11.07239454,0.972536704,-0.510620011,0.964171139
23.35,15.39757785,-1.001712449,11.03508449,0.981545251,-0.507566763,0.958424495
23.4,15.40119366,-0.996704805,10.99736836,0.989768347,-0.504036343,0.953226913
23.45,15.40431267,-0.992164258,10.9592836,0.997203933,-0.500037817,0.948584689
23.5,15.406932,-0.988095936,10.92086979,1.003849705,-0.495580753,0.944502994
23.55,15.40905742,-0.984504159,10.88216295,1.009702359,-0.490673907,0.940985693
23.6,15.41069181,-0.981391178,10.84320267,1.014756911,-0.485323697,0.938034218
23.65,15.41183659,-0.978757173,10.8040264,1.019006316,-0.479534331,0.935648072
23.7,15.41249467,-0.976601243,10.76467157,1.022442972,-0.473307803,0.933825135
23.75,15.41266891,-0.974922038,10.72517633,1.025059587,-0.466644518,0.932562355
23.8,15.41235355,-0.97371911,10.68557886,1.026851924,-0.459545162,0.931856862
23.85,15.41155004,-0.972992816,10.64591731,1.027818236,-0.452012321,0.93170654
23.9,15.41025405,-0.972743969,10.60622984,1.027959396,-0.444051136,0.932109393
23.95,15.40846559,-0.972972296,10.56655461,1.027276216,-0.435669741,0.933062929
24,15.40618609,-0.97367636,10.52692978,1.025769068,-0.426878732,0.934563035
24.05,15.40341988,-0.974853459,10.48739207,1.02343733,-0.417690009,0.936604786
24.1,15.40017415,-0.976498914,10.44797964,1.020278633,-0.408115635,0.939180518
24.15,15.39645754,-0.978605614,10.40872848,1.016288302,-0.398166982,0.942280569
24.2,15.39228302,-0.98116537,10.36967388,1.011460543,-0.387853056,0.945893909
24.25,15.38766066,-0.984169632,10.33085185,1.00579093,-0.377179591,0.950009259
24.3,15.38260199,-0.98760976,10.29229693,0.999277158,-0.366149704,0.954615025
24.35,15.37711564,-0.991479094,10.25404224,0.991921094,-0.354764297,0.959702047
24.4,15.37121026,-0.995773404,10.21612307,0.983730033,-0.343023526,0.965262906
24.45,15.36489159,-1.00048837,10.17857183,0.974712635,-0.33092895,0.971290002
24.5,15.35816541,-1.005617962,10.14142233,0.964878002,-0.318484712,0.977772801
24.55,15.35104036,-1.011154531,10.10470843,0.954233112,-0.305698729,0.9846989
24.6,15.3435222,-1.017087455,10.06846109,0.942783263,-0.292583246,0.992053218
24.65,15.33562387,-1.023404227,10.0327127,0.930531883,-0.279152223,0.999818865
24.7,15.32735546,-1.030092335,9.997494232,0.917483958,-0.265419995,1.007979015
24.75,15.31873282,-1.037139989,9.962835915,0.903647402,-0.251399806,1.016517899
24.8,15.30977466,-1.04453684,9.928766549,0.889034182,-0.237102094,1.025420871
24.85,15.30049539,-1.052273528,9.895314225,0.873659566,-0.222534276,1.034675094
24.9,15.29091228,-1.060340963,9.862506289,0.857541504,-0.207701011,1.044267356
24.95,15.28104118,-1.068729694,9.830369391,0.840699067,-0.192604151,1.054184068
25,15.27089503,-1.077430273,9.798928724,0.823152196,-0.177244789,1.064412206
25.05,15.2604868,-1.0864328,9.768209488,0.804921522,-0.16162551,1.074938497
25.1,15.24982947,-1.095725753,9.738236169,0.78602705,-0.145751021,1.085748728
25.15,15.23893309,-1.105296894,9.709032516,0.766488287,-0.129629321,1.096827695
25.2,15.22781351,-1.115132723,9.680621588,0.746324552,-0.113273194,1.108158694
25.25,15.2164837,-1.125218479,9.653025684,0.725555166,-0.096699,1.119723903
25.3,15.20496236,-1.135539313,9.626265688,0.704200446,-0.079924424,1.131504997
25.35,15.19326536,-1.146081994,9.600361773,0.68228395,-0.062967013,1.143485647
25.4,15.1814157,-1.156834374,9.575332646,0.659831728,-0.045841872,1.15565152
25.45,15.16943214,-1.167784122,9.551195589,0.636871453,-0.028560954,1.167988406
25.5,15.15733481,-1.178919358,9.527968608,0.613431792,-0.011133571,1.18048272
25.55,15.145141,-1.190227933,9.505666093,0.589541353,0.00643362,1.193121498
25.6,15.13286512,-1.201696166,9.484303172,0.565227617,0.024134938,1.20589003
25.65,15.12052443,-1.213309748,9.463894244,0.540516637,0.041962795,1.218772614
25.7,15.10813047,-1.225053649,9.444452981,0.515433124,0.059907019,1.231752795
25.75,15.09569618,-1.236911668,9.425991635,0.490000417,0.077954375,1.244812998
25.8,15.08323886,-1.248866977,9.408520996,0.464240735,0.096087562,1.257936022
25.85,15.07077146,-1.260902205,9.392052591,0.438176138,0.114286287,1.27110479
25.9,15.05831269,-1.272999982,9.376595058,0.411828879,0.132529122,1.284302976
25.95,15.04588272,-1.285143568,9.36215775,0.385222387,0.150794635,1.297514996
26,15.03350172,-1.297317665,9.348746437,0.358382374,0.169062687,1.310727266
26.05,15.02119128,-1.309508322,9.336367594,0.331336166,0.187315968,1.323926698
26.1,15.00896867,-1.321701408,9.325024816,0.304110718,0.20554055,1.337099705
26.15,14.99685406,-1.333882075,9.314722429,0.276731831,0.223725418,1.350231205
26.2,14.98486041,-1.346034211,9.305462599,0.249222628,0.241860675,1.363305368
26.25,14.97300356,-1.358139819,9.297246754,0.221603394,0.259935232,1.376303124
26.3,14.96129503,-1.370180537,9.290076342,0.193892921,0.277935748,1.389206522
26.35,14.94974634,-1.382138365,9.283949915,0.166109904,0.295845617,1.401997242
26.4,14.93836756,-1.393995755,9.278868205,0.138273771,0.313643834,1.414657459
26.45,14.92717167,-1.405736056,9.274829045,0.110405676,0.331306563,1.42716997
26.5,14.9161745,-1.417344508,9.271829551,0.082529152,0.348809309,1.439519945
26.55,14.90539332,-1.42880698,9.269865412,0.05466945,0.366128577,1.451692923
26.6,14.89484397,-1.440110425,9.268932302,0.026852554,0.383242647,1.463676191
26.65,14.88454519,-1.451241882,9.269023019,-0.00089581,0.400132762,1.475457035
26.7,14.8745128,-1.462188029,9.270130368,-0.028551892,0.416783433,1.487021994
26.75,14.86475977,-1.472933389,9.272244987,-0.056095057,0.433182477,1.49835586
26.8,14.85530194,-1.483461762,9.27535824,-0.083506994,0.449319859,1.509440561
26.85,14.84614651,-1.493756405,9.279459322,-0.11077003,0.465185327,1.52025877
26.9,14.83730355,-1.503801392,9.284536714,-0.137865216,0.480767197,1.530791791
26.95,14.82878171,-1.513583401,9.290580336,-0.16476992,0.496050603,1.541024168
27,14.82058819,-1.523091992,9.297575791,-0.191457025,0.511016632,1.550943934
27.05,14.81273162,-1.532319066,9.305510841,-0.21789643,0.525643158,1.560539996
27.1,14.80522065,-1.541255983,9.314371074,-0.244057626,0.539906375,1.569802757
27.15,14.79806823,-1.549894102,9.324142108,-0.269911369,0.553783003,1.578720875
27.2,14.7912859,-1.558223525,9.334806645,-0.295431203,0.567251482,1.587281883
27.25,14.7848866,-1.56623309,9.346348138,-0.320593087,0.580294671,1.595471823
27.3,14.77888041,-1.573912359,9.358747863,-0.345374459,0.592899171,1.603277855
27.35,14.77327886,-1.58125071,9.371987098,-0.36975354,0.605055633,1.610686269
27.4,14.76808915,-1.588238065,9.386045691,-0.393709107,0.616757016,1.617684725
27.45,14.76331704,-1.594865064,9.400902753,-0.417220097,0.627997585,1.624261132
27.5,14.75896828,-1.601122706,9.416538126,-0.440265006,0.638770984,1.630403774
27.55,14.75504576,-1.60700307,9.432930211,-0.462821929,0.649069049,1.636102804
27.6,14.75155378,-1.612499319,9.450056691,-0.484868274,0.658880686,1.641349122
27.65,14.74849958,-1.617606052,9.467895965,-0.506380764,0.668192183,1.646135622
27.7,14.745886,-1.622318228,9.486424269,-0.527336775,0.676988833,1.650455702
27.75,14.74372314,-1.626630448,9.505618575,-0.547715086,0.685255866,1.65430188
27.8,14.74201675,-1.630536771,9.525453668,-0.567497532,0.692980442,1.657665806
27.85,14.74077836,-1.634029999,9.545905078,-0.586668903,0.70015334,1.660538005
27.9,14.7400123,-1.63710239,9.566947605,-0.605217111,0.706770069,1.662907387
27.95,14.7397243,-1.639746026,9.588554599,-0.623131809,0.712830258,1.664763479
28,14.73992157,-1.641954245,9.610698715,-0.640402965,0.71833721,1.66609656
28.05,14.74060413,-1.643721109,9.633353302,-0.657020418,0.723295722,1.666898153
28.1,14.74177196,-1.645041576,9.656491726,-0.672973076,0.727709721,1.667161902
28.15,14.7434265,-1.645912948,9.680085908,-0.688248224,0.731581077,1.666883071
28.2,14.74556632,-1.646332884,9.704107764,-0.70283315,0.734908918,1.666058045
28.25,14.74819286,-1.646299764,9.728530659,-0.716715263,0.737689878,1.66468408
28.3,14.75130755,-1.645811969,9.753325784,-0.72988397,0.739919718,1.662758436
28.35,14.75491328,-1.644866258,9.77846435,-0.742331915,0.741593767,1.66027675
28.4,14.7590158,-1.643457951,9.803917558,-0.754055672,0.742709154,1.657233286
28.45,14.76361944,-1.641582368,9.829655153,-0.76505337,0.743266443,1.653621815
28.5,14.76872706,-1.63923465,9.855648351,-0.775323701,0.743269559,1.649438099
28.55,14.77434014,-1.636412277,9.881866907,-0.784863549,0.742726044,1.64467827
28.6,14.78046008,-1.633114887,9.908281301,-0.793666806,0.741646616,1.639341461
28.65,14.78708545,-1.629344462,9.934860573,-0.801724496,0.740043741,1.633427917
28.7,14.79421051,-1.625104242,9.96157521,-0.809026464,0.737928636,1.626939883
28.75,14.80182948,-1.620397286,9.988395679,-0.815563047,0.735309777,1.619878482
28.8,14.80993805,-1.615226834,10.01529247,-0.82132577,0.732192462,1.612245955
28.85,14.81853044,-1.609595226,10.04223606,-0.826308526,0.72857856,1.604044174
28.9,14.82760092,-1.603503724,10.06919764,-0.830507823,0.724467387,1.59527426
28.95,14.83714803,-1.596953584,10.09614699,-0.833921544,0.719857944,1.585938083
29,14.84716889,-1.589946249,10.12305458,-0.836548193,0.714750418,1.576038634
29.05,14.85766208,-1.582484599,10.14989161,-0.838385714,0.709147864,1.565579777
29.1,14.86862757,-1.574572592,10.17662785,-0.8394313,0.70305695,1.554567121
29.15,14.88005963,-1.566215271,10.20323304,-0.83968059,0.696487398,1.543007647
29.2,14.89195392,-1.557419832,10.22967911,-0.839128412,0.689452173,1.530910329
29.25,14.90430325,-1.548194198,10.25593583,-0.837769779,0.681965419,1.518285885
29.3,14.91709897,-1.538546289,10.28197438,-0.835600952,0.674040101,1.505145661
29.35,14.93032956,-1.528482222,10.30776814,-0.832622305,0.665687562,1.49149788
29.4,14.94398495,-1.51800632,10.33328758,-0.828838387,0.656915466,1.477350147
29.45,14.95805218,-1.507122991,10.35850679,-0.824255619,0.647728178,1.462709692
29.5,14.97252261,-1.495836556,10.38339911,-0.81888185,0.638126755,1.447584616
29.55,14.98738759,-1.484152325,10.40793793,-0.812724563,0.628111137,1.431983521
29.6,15.00263561,-1.472077947,10.43209658,-0.805789552,0.61768126,1.415918869
29.65,15.01826234,-1.459622333,10.4558506,-0.798082052,0.606839368,1.399404123
29.7,15.03425772,-1.446794843,10.47917335,-0.789607733,0.595591507,1.382453991
29.75,15.05061164,-1.433604656,10.50204106,-0.780374139,0.583947648,1.365083681
29.8,15.06731549,-1.420060322,10.52442853,-0.770391302,0.571920941,1.347307651
29.85,15.08435628,-1.406169942,10.546312,-0.759671751,0.559526095,1.329139112
29.9,15.10171821,-1.391941524,10.56766844,-0.748229941,0.546777692,1.310592525
29.95,15.11938828,-1.377383799,10.58847552,-0.736081268,0.533688322,1.291683096
30,15.13734779,-1.362505318,10.60871166,-0.723242249,0.520267676,1.272425406
30.05,15.15558379,-1.347314449,10.62835595,-0.709730457,0.506522485,1.252833918
30.1,15.17408185,-1.331820014,10.64738754,-0.695564214,0.492456551,1.232923338
30.15,15.1928276,-1.316031551,10.66578841,-0.680761471,0.478072335,1.212708872
30.2,15.21181094,-1.299959231,10.68353984,-0.665340673,0.463372456,1.192205978
30.25,15.23101748,-1.283613763,10.7006224,-0.649319398,0.448360714,1.171430485
30.3,15.25043714,-1.267007028,10.71701881,-0.632715096,0.433044619,1.150399344
30.35,15.27005552,-1.250150815,10.73271323,-0.615545526,0.417435453,1.12912851
30.4,15.28985965,-1.233057454,10.74768908,-0.597828266,0.401548109,1.107634437
30.45,15.3098337,-1.215739815,10.76193199,-0.579581326,0.385399882,1.085933951
30.5,15.32995896,-1.198210588,10.77542683,-0.560823277,0.369008598,1.064042883
30.55,15.35021957,-1.180482374,10.78816134,-0.541573753,0.352390211,1.04197675
30.6,15.37059538,-1.162567951,10.80012403,-0.521853382,0.335558367,1.019751196
30.65,15.39106911,-1.144479289,10.81130193,-0.501683819,0.318524038,0.997381366
30.7,15.41162492,-1.126228359,10.82168711,-0.481086912,0.30129626,0.974882216
30.75,15.43224697,-1.107828301,10.83126878,-0.460083566,0.28388279,0.952270822
30.8,15.45292518,-1.089293513,10.84003974,-0.438693198,0.266291703,0.929564636
30.85,15.47364514,-1.070639117,10.84799135,-0.416934036,0.248532997,0.906781793
30.9,15.49439535,-1.051881312,10.85511784,-0.394823779,0.230619857,0.883940991
30.95,15.5151614,-1.033036027,10.86141347,-0.372380968,0.212568812,0.861059928
31,15.53593176,-1.014117663,10.86687246,-0.349626483,0.194399541,0.838154184
31.05,15.55668916,-0.99513999,10.87149193,-0.326583069,0.176134294,0.815238284
31.1,15.57741778,-0.976116507,10.87526902,-0.303274099,0.157796253,0.792326931
31.15,15.59809886,-0.957061075,10.87820155,-0.279722974,0.139407965,0.769434838
31.2,15.61871515,-0.937988362,10.88028953,-0.255951897,0.120989879,0.746577769
31.25,15.63924936,-0.9189143,10.8815344,-0.231981559,0.102559041,0.723772801
31.3,15.65968709,-0.899855267,10.88193615,-0.207832185,0.084129799,0.701036949
31.35,15.6800125,-0.880826925,10.88149912,-0.183524478,0.065714946,0.678386792
31.4,15.70021551,-0.861845022,10.88022617,-0.159080021,0.047326957,0.655839591
31.45,15.72028317,-0.842924948,10.87812091,-0.134521483,0.028979766,0.633412486
31.5,15.74020538,-0.824081373,10.87519054,-0.109873324,0.010690358,0.611122989
31.55,15.75997063,-0.805328249,10.87143865,-0.085161744,-0.007520702,0.588987554
31.6,15.77956741,-0.786678532,10.86687461,-0.06041468,-0.025629966,0.567021512
31.65,15.79898275,-0.768144194,10.86150418,-0.035661223,-0.043612101,0.545239072
31.7,15.81820081,-0.749737701,10.85533816,-0.010930008,-0.061441297,0.523654568
31.75,15.83720719,-0.731472192,10.84838591,0.013751854,-0.079093126,0.502282803
31.8,15.8559875,-0.713361345,10.84065966,0.038358979,-0.096545453,0.48113892
31.85,15.87452445,-0.695419787,10.83217094,0.062867912,-0.11377927,0.460239373
31.9,15.89280652,-0.677663177,10.82293342,0.087256742,-0.130778978,0.439602236
31.95,15.91082219,-0.660106321,10.81296224,0.111503387,-0.147531267,0.419244864
32,15.92855994,-0.642762717,10.80227177,0.135584472,-0.164024448,0.399182871
32.05,15.94601258,-0.625645237,10.79087788,0.159475926,-0.180247431,0.379430872
32.1,15.96316858,-0.608765984,10.77879783,0.183152443,-0.196187328,0.360002543
32.15,15.98002075,-0.592136299,10.76604819,0.206587758,-0.211828186,0.340910633
32.2,15.99655755,-0.575767521,10.75264695,0.229755878,-0.227151837,0.322167855
32.25,16.01276748,-0.559670901,10.73861285,0.252631442,-0.242138869,0.303787263
32.3,16.02864045,-0.543857239,10.72396603,0.275189658,-0.256769757,0.285781387
32.35,16.04416207,-0.528337468,10.70872592,0.297406954,-0.271026538,0.26816325
32.4,16.05931937,-0.51312338,10.69291488,0.319262156,-0.284894443,0.250946986
32.45,16.07410083,-0.498227259,10.67655375,0.340735912,-0.298362422,0.234146725
32.5,16.08849349,-0.48366121,10.65966702,0.36181046,-0.311423186,0.217775633
32.55,16.1024916,-0.469437247,10.64227775,0.38246832,-0.324071935,0.201846299
32.6,16.11608652,-0.455566351,10.62440968,0.402691884,-0.33630521,0.186370269
32.65,16.12927392,-0.442058467,10.60608728,0.422462581,-0.348119708,0.171357561
32.7,16.14204515,-0.42892237,10.58733505,0.441761248,-0.359511005,0.156816759
32.75,16.15439592,-0.416166113,10.5681782,0.460568623,-0.370472618,0.142755142
32.8,16.16632189,-0.403797574,10.54864334,0.478866014,-0.380996446,0.129179562
32.85,16.17781154,-0.39182512,10.52875424,0.496636591,-0.391072986,0.116097258
32.9,16.18885768,-0.380257482,10.50853899,0.513865274,-0.40069298,0.103515622
32.95,16.19945022,-0.369103234,10.48802422,0.530538848,-0.409848858,0.091441769
33,16.20957908,-0.358371307,10.46723658,0.546645692,-0.418536101,0.079883151
33.05,16.2192342,-0.348070588,10.44620414,0.56217518,-0.426754148,0.068847374
33.1,16.22840979,-0.338208795,10.42495497,0.577116093,-0.434506209,0.058340743
33.15,16.23710011,-0.328792003,10.40351717,0.591455903,-0.44179783,0.048367761
33.2,16.24530083,-0.319824756,10.38191881,0.605180777,-0.448635744,0.03893128
33.25,16.25301196,-0.311310048,10.3601887,0.618275631,-0.45502618,0.030032175
33.3,16.26023205,-0.303249903,10.33835418,0.630725571,-0.460972724,0.021670351
33.35,16.26696255,-0.295647156,10.31644406,0.642517758,-0.466475873,0.013846742
33.4,16.27320489,-0.288505858,10.29448498,0.653642532,-0.471533603,0.006563419
33.45,16.2789562,-0.281830462,10.27250575,0.664092726,-0.476142672,-0.000177342
33.5,16.28421359,-0.275625538,10.25053372,0.673862669,-0.48029956,-0.006373344
33.55,16.28897563,-0.269894819,10.22859696,0.682946315,-0.484002614,-0.012023279
33.6,16.29323799,-0.264639925,10.20672356,0.691336372,-0.487253049,-0.017128311
33.65,16.29699491,-0.259860295,10.1849416,0.699023804,-0.490055635,-0.021692029
33.7,16.30024784,-0.255554509,10.16328061,0.705999015,-0.492418847,-0.025718833
33.75,16.30299533,-0.251720905,10.14176721,0.712253712,-0.494353621,-0.029213033
33.8,16.30524028,-0.248357816,10.12042949,0.717780793,-0.495871644,-0.03217879
33.85,16.30698842,-0.245463759,10.09929481,0.722575459,-0.496983572,-0.034620053
33.9,16.30824409,-0.243037111,10.0783898,0.726634531,-0.497697541,-0.036540693
33.95,16.30901736,-0.241076142,10.05774111,0.729956015,-0.498017131,-0.037944673
34,16.309314,-0.239578713,10.03737322,0.732539162,-0.497942468,-0.038836182
34.05,16.30914264,-0.238542328,10.01731277,0.734383912,-0.497470936,-0.039219771
34.1,16.3085076,-0.237963993,9.99758279,0.735491323,-0.496598606,-0.039100182
34.15,16.30741465,-0.237840267,9.978209209,0.735862952,-0.495322831,-0.038482475
34.2,16.30586955,-0.238166852,9.95921651,0.735500671,-0.493643703,-0.037372859
34.25,16.30387661,-0.238938212,9.940627725,0.734406535,-0.491565089,-0.03577934
34.3,16.30144159,-0.240148048,9.922467333,0.732582788,-0.489094527,-0.033711106
34.35,16.2985717,-0.241789812,9.904758373,0.730032984,-0.48624255,-0.031177783
34.4,16.29527845,-0.243856688,9.887524619,0.726761794,-0.483021032,-0.028189437
34.45,16.29157048,-0.24634179,9.870786933,0.722775452,-0.479440816,-0.024756234
34.5,16.28746364,-0.249238324,9.85456692,0.718082061,-0.475510378,-0.020887902
34.55,16.28297232,-0.25253929,9.838885471,0.712690469,-0.471234299,-0.016594373
34.6,16.27810805,-0.256236838,9.82376057,0.706610773,-0.466613232,-0.01188645
34.65,16.27288666,-0.260322665,9.809211663,0.699853256,-0.461644593,-0.006775343
34.7,16.26731967,-0.264788176,9.795256757,0.692429573,-0.456324017,-0.001272371
34.75,16.2614186,-0.269625091,9.781913118,0.684353123,-0.450647985,0.004611491
34.8,16.25519642,-0.27482558,9.76919876,0.675638614,-0.444615374,0.010865845
34.85,16.2486632,-0.28038161,9.75712879,0.666302374,-0.438228458,0.017480004
34.9,16.24183335,-0.286284094,9.745721221,0.656360047,-0.43149397,0.024442001
34.95,16.23471693,-0.292522543,9.734989717,0.645826153,-0.424422192,0.031738474
35,16.22733124,-0.299085191,9.724950852,0.634714281,-0.417025338,0.039354754
35.05,16.21969211,-0.30595935,9.715616861,0.623037329,-0.409315532,0.047275055
35.1,16.21181682,-0.313132103,9.707001419,0.610808447,-0.401303243,0.055483286
35.15,16.2037241,-0.320590874,9.699116054,0.59804222,-0.392996075,0.063963684
35.2,16.19543266,-0.328323489,9.691970836,0.584754913,-0.384398015,0.072700953
35.25,16.18695833,-0.336318272,9.685576576,0.570964974,-0.375510436,0.081680644
35.3,16.17831698,-0.344563883,9.679941188,0.556691849,-0.36633393,0.090888717
35.35,16.16952298,-0.353048689,9.675074032,0.541955542,-0.356870146,0.100310783
35.4,16.16058931,-0.36176027,9.670982311,0.526775061,-0.3471237,0.109931767
35.45,16.15152747,-0.370685037,9.667673227,0.511167795,-0.337103064,0.119735629
35.5,16.14235188,-0.379807532,9.665154685,0.495148951,-0.326821079,0.129704677
35.55,16.13307836,-0.389110565,9.663431743,0.478731803,-0.316294571,0.139820042
35.6,16.12372133,-0.398576767,9.66250943,0.461929656,-0.305542299,0.150063357
35.65,16.11430093,-0.408189443,9.662392077,0.444757251,-0.294583553,0.160417465
35.7,16.10483158,-0.417932932,9.66308399,0.42723157,-0.283436062,0.170866801
35.75,16.09533631,-0.427793015,9.664585175,0.409371903,-0.272114255,0.181397407
35.8,16.0858324,-0.437755832,9.666897792,0.391198472,-0.260629474,0.191995727
35.85,16.07633712,-0.447806489,9.670021841,0.372730505,-0.248990165,0.202647035
35.9,16.06686777,-0.457928335,9.673955887,0.353985295,-0.237203633,0.213335084
35.95,16.0574373,-0.468103819,9.678699198,0.334978766,-0.225278512,0.22404292
36,16.04805867,-0.478314899,9.684248913,0.315726531,-0.213226253,0.234753732
36.05,16.03874196,-0.488544204,9.690602849,0.296245354,-0.201062623,0.245451144
36.1,16.02950012,-0.498775084,9.697757421,0.276553869,-0.188808174,0.256119451
36.15,16.02034469,-0.508991698,9.705709028,0.256672503,-0.176487258,0.266743416
36.2,16.01129005,-0.519178748,9.714451909,0.236623254,-0.164126377,0.27730819
36.25,16.00235206,-0.529321295,9.72398102,0.216429137,-0.151751864,0.287799455
36.3,15.99354654,-0.539404575,9.73428916,0.196113818,-0.139388131,0.298203375
36.35,15.98488934,-0.549414147,9.745367699,0.175701229,-0.127056082,0.308506737
36.4,15.97640062,-0.559335699,9.757207269,0.15521538,-0.114772552,0.318697045
36.45,15.96809334,-0.569154833,9.769797789,0.134679907,-0.102551078,0.328761743
36.5,15.95998189,-0.578856473,9.783127748,0.114117417,-0.09040289,0.338687149
36.55,15.95207924,-0.588425004,9.797184899,0.093549792,-0.078339303,0.348458338
36.6,15.94439692,-0.597844811,9.811956997,0.072998886,-0.066373836,0.358059979
36.65,15.93694354,-0.607100685,9.827430377,0.052487332,-0.054523393,0.367476708
36.7,15.92972633,-0.61617872,9.843592068,0.032039448,-0.042809106,0.376694441
36.75,15.92275824,-0.625066362,9.860427667,0.011681595,-0.031255799,0.385700869
36.8,15.91604934,-0.633751866,9.877922065,-0.008558658,-0.019890191,0.394484338
36.85,15.90960972,-0.642223488,9.896058699,-0.02865356,-0.008738903,0.403033007
36.9,15.90345378,-0.650469661,9.914822439,-0.048575532,0.002174198,0.411334754
36.95,15.89759591,-0.658479091,9.934193861,-0.068297338,0.012829559,0.419377083
37,15.89205052,-0.666240619,9.954154232,-0.087792538,0.0232126,0.427147155
37.05,15.88682914,-0.673743039,9.974684122,-0.107036079,0.033313281,0.434631415
37.1,15.88194326,-0.680974697,9.99576337,-0.126004738,0.043124516,0.441816372
37.15,15.87740442,-0.687923397,10.01736893,-0.144677483,0.052640752,0.448688063
37.2,15.87321838,-0.69457645,10.03948136,-0.163034952,0.061855836,0.455232717
37.25,15.86939522,-0.70092139,10.06207691,-0.181058808,0.070761239,0.46143684
37.3,15.86594212,-0.70694634,10.08513469,-0.198730729,0.079345517,0.467287407
37.35,15.86286488,-0.712640811,10.10863096,-0.216031613,0.087594306,0.472772545
37.4,15.86017498,-0.717995807,10.13254266,-0.23294139,0.09549157,0.477881722
37.45,15.85788109,-0.723002685,10.15684531,-0.249440383,0.10302156,0.482604686
37.5,15.85599614,-0.727652447,10.18151588,-0.265510426,0.11017086,0.486930717
37.55,15.85452879,-0.731935552,10.20652772,-0.28113564,0.116930503,0.490848721
37.6,15.85349344,-0.735841785,10.23185565,-0.296302691,0.123296556,0.494346921
37.65,15.85289873,-0.739360708,10.25747301,-0.311000202,0.129269953,0.497413443
37.7,15.85275617,-0.742482239,10.28335173,-0.32521758,0.134855422,0.500036758
37.75,15.85307008,-0.745197063,10.30946517,-0.338944292,0.140059252,0.502205927
37.8,15.85384912,-0.747496587,10.33578524,-0.352169651,0.144887246,0.50391042
37.85,15.85509615,-0.749373159,10.36228459,-0.364882156,0.149342891,0.50514098
37.9,15.85681549,-0.750820616,10.38893587,-0.37706928,0.153426207,0.505890254
37.95,15.85901003,-0.751833647,10.41571026,-0.388718219,0.157134294,0.506151791
38,15.86168553,-0.752407211,10.44258113,-0.399816818,0.160461854,0.505919764
38.05,15.86484774,-0.752536,10.46951896,-0.410354388,0.163403357,0.505188314
38.1,15.86850387,-0.752214388,10.49649638,-0.420321987,0.165954985,0.503951086
38.15,15.87265966,-0.751436211,10.52348245,-0.429711823,0.168116333,0.502201472
38.2,15.87732522,-0.750195752,10.55044908,-0.438516296,0.169891359,0.499933085
38.25,15.88250485,-0.748488962,10.57736603,-0.446726428,0.1712879,0.497141467
38.3,15.88820288,-0.746313503,10.60420378,-0.454331407,0.172317018,0.493823972
38.35,15.89442074,-0.743668518,10.63093137,-0.461318832,0.17299127,0.489979975
38.4,15.90116132,-0.740554142,10.65751928,-0.467675926,0.173322157,0.485609414
38.45,15.90842173,-0.736970285,10.68393728,-0.473390816,0.173318573,0.480712259
38.5,15.9161991,-0.732916678,10.71015727,-0.478452877,0.172985132,0.475287917
38.55,15.92449054,-0.72839278,10.73614975,-0.482852979,0.172321957,0.469335858
38.6,15.93329462,-0.723398591,10.76188519,-0.486582302,0.171325839,0.462855833
38.65,15.94260845,-0.717934923,10.78733552,-0.489632091,0.169991823,0.455849493
38.7,15.95243204,-0.712004158,10.81247192,-0.491992809,0.168315735,0.448319986
38.75,15.96276394,-0.705609357,10.83726561,-0.49365486,0.166296186,0.440271394
38.8,15.97360416,-0.698753626,10.8616885,-0.494609829,0.163935545,0.431707768
38.85,15.98494982,-0.691440429,10.88571108,-0.494850706,0.161239983,0.422633253
38.9,15.99680091,-0.683672512,10.90930598,-0.494373127,0.158218614,0.413051742
38.95,16.0091488,-0.675451763,10.9324444,-0.493175318,0.154882078,0.402966136
39,16.02198915,-0.666779984,10.95509971,-0.491257464,0.151240413,0.392380172
39.05,16.03531335,-0.657660279,10.97724311,-0.488619503,0.147301015,0.381299646
39.1,16.0491113,-0.648096698,10.9988501,-0.485261249,0.143067409,0.369731415
39.15,16.06337293,-0.638094191,11.01989407,-0.481181985,0.138538643,0.357683051
39.2,16.07808959,-0.627659148,11.0403498,-0.476380838,0.133709699,0.345163467
39.25,16.09325121,-0.616798184,11.06019281,-0.47085787,0.128572984,0.332181448
39.3,16.1088477,-0.60551733,11.07940007,-0.464615636,0.123120386,0.318744629
39.35,16.12487332,-0.593821714,11.09794782,-0.457660028,0.11734537,0.304859742
39.4,16.14131796,-0.581715746,11.11581158,-0.449999799,0.111244726,0.29053333
39.45,16.15817157,-0.569203388,11.13296973,-0.441646138,0.104819467,0.27577197
39.5,16.17542548,-0.556288733,11.14939998,-0.432611259,0.098074258,0.260582857
39.55,16.1930682,-0.542976867,11.16508,-0.422907067,0.091015996,0.244974251
39.6,16.21108531,-0.52927445,11.17998962,-0.412544186,0.083652166,0.228956045
39.65,16.22946242,-0.515190076,11.1941094,-0.401531593,0.075988658,0.212539988
39.7,16.24818513,-0.500733601,11.2074192,-0.389877575,0.068028424,0.195739228
39.75,16.26723903,-0.485914744,11.21990101,-0.377591763,0.059771074,0.178566668
39.8,16.28660829,-0.47074228,11.23153898,-0.364686494,0.051213217,0.161034723
39.85,16.30628138,-0.45522395,11.24231656,-0.3511771,0.04234955,0.143155175
39.9,16.32624392,-0.439366187,11.25221862,-0.337081812,0.033174738,0.124938686
39.95,16.34648437,-0.423175338,11.26122934,-0.322420074,0.023685329,0.106395434
40,16.36699122,-0.406659097,11.26933647,-0.307210177,0.013881076,0.087536828
40.05,16.38775007,-0.389826958,11.2765256,-0.291468263,0.003765895,0.068375561
40.1,16.40874795,-0.372690083,11.28278522,-0.275208043,-0.006651843,0.048925634
40.15,16.42997047,-0.355261318,11.28810309,-0.258441436,-0.017360413,0.029202672
40.2,16.45140035,-0.337554275,11.29246913,-0.241179505,-0.028346402,0.009223426
40.25,16.47302319,-0.319582118,11.29587326,-0.223434495,-0.039596873,-0.010995591
40.3,16.49482027,-0.301357423,11.29830828,-0.205220291,-0.051101597,-0.03143814
40.35,16.5167743,-0.282892587,11.29976698,-0.18655222,-0.062852359,-0.052088047
40.4,16.5388709,-0.264199514,11.3002429,-0.167447051,-0.074842887,-0.072929918
40.45,16.56109421,-0.245289925,11.29973098,-0.147922372,-0.087068318,-0.093948992
40.5,16.58343272,-0.226176128,11.29822691,-0.127995619,-0.099523408,-0.115130011
40.55,16.60587203,-0.206871308,11.29572854,-0.107683579,-0.112200684,-0.136456724
40.6,16.62840351,-0.187389347,11.29223225,-0.087002544,-0.125088915,-0.157911705
40.65,16.65101417,-0.167744746,11.28773661,-0.065968529,-0.138172669,-0.179476438
40.7,16.67369252,-0.147952142,11.28224163,-0.044597952,-0.151432693,-0.201132035
40.75,16.69642271,-0.128025923,11.27574728,-0.022908041,-0.164846718,-0.222859834
40.8,16.71919034,-0.107980454,11.26825575,-0.000916652,-0.178390747,-0.244641527
40.85,16.74198101,-0.08783021,11.25976919,0.021357941,-0.192040537,-0.266459257
40.9,16.76477888,-0.067589691,11.2502912,0.043897137,-0.205773668,-0.28829573
40.95,16.7875681,-0.04727382,11.23982754,0.066682138,-0.219571023,-0.310133513
41,16.81033285,-0.026897824,11.22838469,0.089693635,-0.233416677,-0.331954998
41.05,16.83305872,-0.006476388,11.21596912,0.112910936,-0.247296579,-0.353743078
41.1,16.85573563,0.013976576,11.2025902,0.13631156,-0.261196953,-0.375481394
41.15,16.87835206,0.034447517,11.18825658,0.159871753,-0.2751025,-0.397153772
41.2,16.90089793,0.054922962,11.17297832,0.183567154,-0.288995021,-0.418744321
41.25,16.92336028,0.075388866,11.15676551,0.207373848,-0.3028523,-0.440236493
41.3,16.94573191,0.095829993,11.13963039,0.231269025,-0.316648626,-0.461612933
41.35,16.96799986,0.11623043,11.1215852,0.255230388,-0.330356018,-0.482855597
41.4,16.99014973,0.13657474,11.10264362,0.27923477,-0.343946087,-0.50394744
41.45,17.01216713,0.156848334,11.08281932,0.303256991,-0.357391943,-0.524872165
41.5,17.03403908,0.177037801,11.06212887,0.327269615,-0.370669434,-0.545614752
41.55,17.05574977,0.197131036,11.04058955,0.351242882,-0.383757993,-0.566161397
41.6,17.07728332,0.217116318,11.01821865,0.375146752,-0.396641792,-0.586499386
41.65,17.09862968,0.236981315,10.99503558,0.398951779,-0.409307493,-0.606614945
41.7,17.11977589,0.256712799,10.97105908,0.422629638,-0.42174263,-0.62649374
41.75,17.14071041,0.276296594,10.94631148,0.446154276,-0.433934337,-0.646120815
41.8,17.16142462,0.295717783,10.92081147,0.469500857,-0.445868557,-0.665480526
41.85,17.18190843,0.314961651,10.89458284,0.492644891,-0.457528776,-0.684557978
41.9,17.20214888,0.334014294,10.86764572,0.51556076,-0.468895611,-0.703339084
41.95,17.22213589,0.352862751,10.84002463,0.538221731,-0.479948153,-0.721810325
42,17.24185651,0.371495187,10.81174329,0.560599789,-0.490665648,-0.739959293
42.05,17.26129489,0.389900623,10.78282547,0.582666295,-0.501029401,-0.757774401
42.1,17.28043807,0.408068124,10.75329783,0.60439358,-0.511024578,-0.77524343
42.15,17.29926878,0.425986102,10.72318627,0.625754968,-0.520640241,-0.792353668
42.2,17.31777692,0.443642678,10.69251816,0.64672603,-0.529869503,-0.809092276
42.25,17.33594668,0.461025295,10.66132157,0.667283893,-0.538708783,-0.825445606
42.3,17.35376939,0.478121176,10.62962386,0.687407492,-0.547156613,-0.841400009
42.35,17.37123498,0.494918125,10.59745384,0.707076012,-0.555211562,-0.856942148
42.4,17.38833483,0.511404891,10.56484031,0.726268074,-0.562870264,-0.872059433
42.45,17.40506171,0.527570721,10.53181206,0.74496274,-0.570127047,-0.886739401
42.5,17.42140556,0.543405263,10.49839861,0.763139817,-0.576974121,-0.900969711
42.55,17.43735629,0.558898168,10.46462948,0.780780109,-0.583402387,-0.914738522
42.6,17.45290382,0.574038817,10.43053492,0.797866166,-0.58940281,-0.928034492
42.65,17.46803376,0.58881659,10.39614516,0.814381596,-0.594968406,-0.940846214
42.7,17.48273603,0.603221676,10.3614926,0.830310323,-0.600095314,-0.953163531
42.75,17.49699478,0.617245165,10.32660821,0.845636389,-0.604784343,-0.96497722
42.8,17.51079993,0.630878779,10.29152437,0.860343965,-0.609040354,-0.976278367
42.85,17.52414284,0.64411473,10.25627422,0.874417846,-0.61287064,-0.987057811
42.9,17.53701344,0.6569451,10.22089087,0.887844195,-0.616283676,-0.997306392
42.95,17.54940597,0.669361565,10.185406,0.900611294,-0.619287127,-1.007014572
43,17.56131753,0.681355708,10.14985274,0.912708799,-0.621886478,-1.016173006
43.05,17.57274382,0.69291916,10.11426274,0.924127923,-0.624082728,-1.024773028
43.1,17.58368196,0.704044362,10.07866988,0.934859316,-0.625873256,-1.032807037
43.15,17.59412763,0.714725102,10.04310437,0.944893258,-0.627253329,-1.040268924
43.2,17.60407649,0.724956702,10.00760006,0.954218902,-0.628217709,-1.047154076
43.25,17.61352281,0.734735111,9.972189346,0.962824908,-0.628762969,-1.053458632
43.3,17.62245793,0.744057089,9.93690464,0.970700804,-0.628888923,-1.059179226
43.35,17.63087753,0.752919622,9.901780486,0.977836806,-0.628599497,-1.064313986
43.4,17.63877297,0.761319468,9.866849286,0.984225123,-0.627902667,-1.068861418
43.45,17.64614138,0.769252984,9.832145611,0.989860397,-0.62680903,-1.072819403
43.5,17.65298132,0.776715985,9.797701856,0.994738887,-0.625329741,-1.076187068
43.55,17.65929134,0.78370514,9.763550409,0.998857165,-0.623473462,-1.078963416
43.6,17.66507721,0.790217659,9.729725124,1.002211493,-0.621245491,-1.081148447
43.65,17.6703418,0.796252643,9.696256236,1.004796635,-0.618646263,-1.082744279
43.7,17.67508943,0.801810721,9.663175424,1.006606484,-0.615671294,-1.083754031
43.75,17.67932732,0.806893694,9.63051365,1.007634059,-0.612312603,-1.084182561
43.8,17.68305832,0.811503811,9.598301149,1.007872879,-0.608561093,-1.084035605
43.85,17.68628533,0.815643952,9.566569608,1.007317274,-0.604409161,-1.083319517
43.9,17.68901123,0.819316098,9.535348538,1.005964748,-0.599852318,-1.08203966
43.95,17.69123744,0.822521148,9.504668901,1.003815116,-0.594891125,-1.080200519
44,17.69296543,0.825259553,9.474560224,1.000870622,-0.589530322,-1.077806209
44.05,17.69420093,0.827533111,9.445054176,0.997133634,-0.583777757,-1.074862214
44.1,17.69494685,0.829344345,9.416179569,0.992605521,-0.577642344,-1.071375887
44.15,17.69521469,0.830698022,9.387965913,0.987286722,-0.571131438,-1.067356077
44.2,17.69501453,0.831600263,9.360440569,0.981176301,-0.564248965,-1.062814254
44.25,17.69435646,0.832058539,9.333630896,0.974273136,-0.556994301,-1.057763131
44.3,17.69325343,0.832080139,9.307563538,0.96657729,-0.549362896,-1.052215171
44.35,17.69171696,0.831671813,9.282263695,0.958092441,-0.541347023,-1.046181844
44.4,17.68976002,0.83083842,9.257755843,0.948826749,-0.532938145,-1.039671935
44.45,17.6873898,0.829583112,9.234065184,0.93879206,-0.524129279,-1.032692986
44.5,17.68461639,0.827910028,9.211215475,0.928001772,-0.514917498,-1.025252974
44.55,17.68144698,0.825824207,9.189231201,0.916468473,-0.505305045,-1.017360999
44.6,17.67789165,0.82333186,9.168134679,0.904203694,-0.495299242,-1.009027219
44.65,17.67395617,0.820441538,9.147949666,0.891216845,-0.484911775,-1.000264285
44.7,17.66965636,0.817163678,9.128698489,0.877515716,-0.474155858,-0.991085971
44.75,17.66500233,0.813508722,9.110402738,0.86310816,-0.463044234,-0.981506673
44.8,17.6600099,0.80948747,9.093081854,0.848003776,-0.451586408,-0.971540414
44.85,17.65469634,0.80511,9.07675385,0.832214404,-0.439787365,-0.961200344
44.9,17.64907895,0.800385044,9.061437428,0.815754938,-0.427647698,-0.950498367
44.95,17.64317213,0.795320611,9.047148442,0.798643578,-0.415165289,-0.939445389
45,17.63699171,0.789924982,9.03390273,0.780899083,-0.402336864,-0.928053251
45.05,17.63055065,0.784206525,9.021714683,0.762541582,-0.389161208,-0.91633317
45.1,17.62386047,0.778173881,9.010599422,0.743590832,-0.375641158,-0.904296929
45.15,17.61693125,0.77183776,9.000569918,0.724065343,-0.361784659,-0.891957861
45.2,17.60977308,0.765209952,8.99164056,0.703982129,-0.347605204,-0.879331174
45.25,17.60239747,0.758303056,8.983824311,0.683357893,-0.333120587,-0.866432325
45.3,17.59481738,0.751129898,8.977131976,0.662208838,-0.318350594,-0.853277578
45.35,17.58704722,0.743703573,8.971573632,0.640552228,-0.303314203,-0.839883014
45.4,17.57910569,0.736036364,8.967158626,0.618406758,-0.288027556,-0.82626409
45.45,17.57100864,0.728140333,8.963894184,0.595792061,-0.272501995,-0.812435823
45.5,17.56277624,0.720027943,8.961786759,0.572728455,-0.256743784,-0.798412424
45.55,17.55442576,0.711711346,8.960839252,0.54923688,-0.240755447,-0.784207604
45.6,17.54597592,0.703203274,8.961055966,0.525337964,-0.224538494,-0.769835011
45.65,17.53744112,0.694517591,8.962440516,0.501051432,-0.20809598,-0.75531004
45.7,17.52883288,0.685668873,8.964993613,0.476396013,-0.191435602,-0.740648706
45.75,17.52016416,0.676672197,8.968718133,0.451389936,-0.174571165,-0.72586815
45.8,17.5114436,0.667543582,8.973614091,0.426050807,-0.157522516,-0.710986631
45.85,17.50268272,0.658299273,8.979682914,0.400396668,-0.140314511,-0.696022784
45.9,17.49389449,0.648954975,8.986922442,0.374446682,-0.122974185,-0.680994183
45.95,17.48509184,0.639525763,8.99533125,0.348221606,-0.105527832,-0.665917033
46,17.47629209,0.630025946,9.00490572,0.321744123,-0.087998475,-0.650807039
46.05,17.46751105,0.62046907,9.015640817,0.295038539,-0.070404092,-0.635678661
46.1,17.45877033,0.61086859,9.027528628,0.268130001,-0.052757333,-0.620546605
46.15,17.45008577,0.601238679,9.040560503,0.241043392,-0.035066526,-0.605426577
46.2,17.44147609,0.591593695,9.054728536,0.213803252,-0.017338185,-0.590334345
46.25,17.43295425,0.581948619,9.070020475,0.186433247,0.000419796,-0.575286176
46.3,17.42453177,0.572319654,9.08642624,0.158956015,0.018195489,-0.560299643
46.35,17.41622016,0.562723133,9.103934318,0.131393853,0.035970675,-0.545392073
46.4,17.40802952,0.553174807,9.122531022,0.103769899,0.053720389,-0.530580044
46.45,17.39996704,0.543690425,9.142204838,0.076108379,0.071414427,-0.515880288
46.5,17.39204279,0.534284658,9.162940644,0.04843549,0.089019857,-0.501309292
46.55,17.38426974,0.524970735,9.184723319,0.020780051,0.106504491,-0.486881793
46.6,17.3766623,0.515760625,9.207535589,-0.006827006,0.123839807,-0.472611815
46.65,17.36923341,0.506665761,9.231360172,-0.034353975,0.141003315,-0.458512507
46.7,17.36200179,0.497697569,9.256176896,-0.06176973,0.157978999,-0.444596832
46.75,17.35498186,0.488868606,9.28196346,-0.089045339,0.174755811,-0.430879096
46.8,17.34819088,0.480193362,9.308698247,-0.116154969,0.191325883,-0.417375093
46.85,17.3416375,0.471686956,9.336358232,-0.14307509,0.207681099,-0.404101404
46.9,17.33533468,0.463364689,9.364918924,-0.169783168,0.223810223,-0.391074575
46.95,17.32928961,0.455241544,9.394356571,-0.196256693,0.239697053,-0.378311059
47,17.32350807,0.447331383,9.42464669,-0.222472063,0.255319867,-0.365825969
47.05,17.31800012,0.43964622,9.455764797,-0.248403864,0.270652135,-0.353632237
47.1,17.31277153,0.432197259,9.487684982,-0.274025846,0.285665497,-0.341741799
47.15,17.30783382,0.424995481,9.520380594,-0.299311969,0.300332316,-0.330166183
47.2,17.30319562,0.418051911,9.553823564,-0.324237308,0.314628905,-0.3189172
47.25,17.29887422,0.411378338,9.587985807,-0.348778957,0.32853816,-0.308007502
47.3,17.29488257,0.404987048,9.622836361,-0.372915821,0.342050452,-0.297450549
47.35,17.29123509,0.398890279,9.658344273,-0.396627988,0.355162538,-0.28725943
47.4,17.28794472,0.393100183,9.694476415,-0.419896572,0.367875261,-0.277447482
47.45,17.28502443,0.387628999,9.731201116,-0.442703471,0.380190553,-0.268028446
47.5,17.28248141,0.382488157,9.768485965,-0.465030237,0.392107915,-0.259014976
47.55,17.28032287,0.377687962,9.806296415,-0.486858079,0.403622081,-0.250418646
47.6,17.27855313,0.373238269,9.844600056,-0.508168052,0.414722299,-0.242250924
47.65,17.2771765,0.369148414,9.883365216,-0.528941271,0.425392836,-0.234522997
47.7,17.27620019,0.365427016,9.922557332,-0.549158914,0.435615459,-0.227245211
47.75,17.27562852,0.362082242,9.962144003,-0.568802255,0.4453725,-0.220427632
47.8,17.27547299,0.3591219,10.00208923,-0.587853033,0.454649814,-0.214079809
47.85,17.27574228,0.356553279,10.04235918,-0.606293484,0.46343939,-0.208210732
47.9,17.27644931,0.354383534,10.08291712,-0.624106411,0.471740513,-0.202829578
47.95,17.27760562,0.352620068,10.12372561,-0.641275979,0.479559447,-0.197945963
48,17.27922128,0.351269878,10.16474795,-0.657787111,0.486907408,-0.193568968
48.05,17.28130638,0.350339646,10.20594669,-0.673625344,0.493797548,-0.189707178
48.1,17.28386668,0.349835741,10.24728511,-0.688776096,0.500241363,-0.186368836
48.15,17.28690505,0.349763315,10.28872576,-0.703224411,0.506245555,-0.183560843
48.2,17.29042582,0.350125696,10.33023193,-0.716953772,0.51181059,-0.181287954
48.25,17.2944261,0.350925046,10.37176763,-0.729946666,0.516931235,-0.179553904
48.3,17.29890878,0.352162985,10.41329756,-0.742186205,0.521597516,-0.178362264
48.35,17.30387385,0.353841064,10.45478573,-0.75365712,0.525798591,-0.177716774
48.4,17.30932564,0.35596167,10.49619542,-0.764346258,0.529525545,-0.177622153
48.45,17.31526847,0.358527861,10.53748992,-0.774243588,0.532774673,-0.178083465
48.5,17.32170521,0.36154272,10.57863322,-0.783340447,0.53554859,-0.179105291
48.55,17.3286445,0.36500888,10.61958788,-0.791629292,0.537856272,-0.180691152
48.6,17.33609067,0.368928096,10.66031502,-0.799102273,0.539711679,-0.182843183
48.65,17.34404372,0.37330048,10.70077864,-0.805750662,0.541130702,-0.185561493
48.7,17.35250652,0.378124727,10.74094131,-0.811565113,0.542128051,-0.188844524
48.75,17.36147475,0.383398994,10.78076773,-0.816536401,0.542714507,-0.192690094
48.8,17.37094554,0.38912123,10.82022049,-0.820656798,0.542894495,-0.197095228
48.85,17.38091313,0.395289053,10.85926717,-0.823920073,0.542665771,-0.202056093
48.9,17.39137032,0.401900436,10.89787177,-0.826322673,0.542021168,-0.207568715
48.95,17.40230989,0.40895394,10.93600189,-0.827863288,0.540950278,-0.213629293
49,17.41373043,0.416448216,10.97362442,-0.828543414,0.539443193,-0.220234042
49.05,17.42562472,0.424382137,11.01070479,-0.828366294,0.537493304,-0.227379361
49.1,17.43799133,0.432754804,11.04721061,-0.827337098,0.535099866,-0.235062119
49.15,17.45082593,0.441565227,11.08310804,-0.825461873,0.532268364,-0.243279045
49.2,17.4641242,0.450811471,11.11836467,-0.822746476,0.529008767,-0.252025043
49.25,17.47788327,0.460489711,11.15294739,-0.819195334,0.525334225,-0.261292571
49.3,17.49209162,0.470594591,11.18682523,-0.814811125,0.521257172,-0.271071629
49.35,17.5067406,0.481119138,11.21996581,-0.809595406,0.51678702,-0.281350217
49.4,17.5218187,0.492055656,11.25233958,-0.80355005,0.511927664,-0.292115701
49.45,17.53731296,0.503396811,11.28391849,-0.796678047,0.506677264,-0.303355834
49.5,17.55320897,0.515135896,11.31467373,-0.788985754,0.501028903,-0.31505968
49.55,17.56949522,0.527267289,11.34457864,-0.780482519,0.494972671,-0.327217576
49.6,17.58615874,0.539786217,11.37360733,-0.771180494,0.488498597,-0.339820673
49.65,17.6031909,0.552687867,11.40173315,-0.761093516,0.481599578,-0.352859936
49.7,17.62058306,0.565966793,11.42893018,-0.750235171,0.474273772,-0.366324831
49.75,17.63832226,0.579616336,11.45517394,-0.738618049,0.466525606,-0.38020361
49.8,17.65640129,0.59362808,11.48043993,-0.726252494,0.458365052,-0.394482376
49.85,17.6748072,0.607991362,11.504703,-0.713146421,0.449805726,-0.409145485
49.9,17.69352702,0.622694209,11.5279415,-0.699306437,0.440861901,-0.424176485
49.95,17.71254636,0.637724385,11.55013313,-0.684739523,0.431545635,-0.439559327
50,17.73184794,0.653069917,11.57125701,-0.66945459,0.421864471,-0.455278119